<?xml version="1.0" encoding="UTF-8"?>
<!DOCTYPE server>

<server>

  <classpath codebase="file:///${BLUEJADE_HOME}/lib/" archives="bluejade.jar"/>
  <classpath codebase="file:///${BLUEJADE_HOME}/groups/${GROUP}/lib/" archives="application.jar"/>
  <classpath codebase="file:///${JADE_HOME}/lib/" archives="*"/>


  <!-- ==================================================================== -->
  <!-- JADE agent service                                                   -->
  <!-- ==================================================================== -->
  <mbean code="com.hp.bluejade.service.jboss.JadeService"
         name="jboss:service=JADE">
    <attribute name="JNDIName">java:/JADE</attribute>
    <attribute name="ConfigDocName">${JBOSS_HOME}/server/${GROUP}/conf/jade-service-config.xml</attribute>
  </mbean>

</server>
