<?xml version="1.0" encoding="UTF-8"?>
<society xmlns:xsi="http://www.w3.org/2001/XMLSchema-instance"
	xsi:noNamespaceSchemaLocation="http://intensivstation.informatik.rwth-aachen.de:8080/schema/society.xsd"
	name="Jadex-MarsWorld-Society" package="jadex.examples.marsworld" icon=".\\examples\\jadex\\marsworld\\images\\sentryagent.png"
	description="Overall Task:
Several interacting agents have the task to
explore the environment for ore resources and
bring as much ore as possible to the agents
homebase. When the mission time has expired
the agents have to abort their current actions
and return to the homebase.

The different agent types:
Sentry Agent
The sentry agent has the task to find ore
resources inspect them if they can be exploited.
Therefore the sentry agent has the greatest
vision of all agent types. To find the ore
resources more quickly all other agents report
to the sentry about resources they explored.

Production Agent:
The production agent is called to a target
from a sentry to produce as much ore as the
capacity of the resource permits. When finished
the agents calls for carry agents to bring
the ore to the homebase.

Carry Agent:
The carry agent has the task to bring ore from
targets to the homebase. It is called by the
production agent.
">

	<agenttypes>
		<agenttype name="jadex.runtime.impl.Jadex-MarsWorld-Carry"/>
		<agenttype name="jadex.runtime.impl.Jadex-MarsWorld-Manager"/>
		<agenttype name="jadex.runtime.impl.Jadex-MarsWorld-Environment"/>
		<agenttype name="jadex.runtime.impl.Jadex-MarsWorld-Production"/>
		<agenttype name="jadex.runtime.impl.Jadex-MarsWorld-Sentry"/>
	</agenttypes>

	<societyinstances default="Hustle and Bustle">

		<societyinstance name="Hustle and Bustle">
			<agentinstances>
				<agentinstance name="Environment" type="Jadex-MarsWorld-Environment"/>
				<agentinstance name="Carrier" type="Jadex-MarsWorld-Carry" quantity="4">
                    <dependency>
						<agenttype name="Jadex-MarsWorld-Environment" quantity="1"></agenttype>
					</dependency>
 				</agentinstance>
				<agentinstance name="Producer" type="Jadex-MarsWorld-Production" quantity="4">
 					<dependency>
						<agenttype name="Jadex-MarsWorld-Environment" quantity="1"></agenttype>
					</dependency>
				</agentinstance>
				<agentinstance name="Sentry" type="Jadex-MarsWorld-Sentry" quantity="2">
					<dependency>
						<agenttype name="Jadex-MarsWorld-Environment" quantity="1"></agenttype>
					</dependency>
				</agentinstance>
			</agentinstances>
		</societyinstance>

		<societyinstance name="Managed MarsWorld">
			<agentinstances>
				<agentinstance name="Manager" type="Jadex-MarsWorld-Manager"/>
			</agentinstances>
		</societyinstance>

	</societyinstances>

</society>
